image_id,name,camera_id,n_associated,n_unassociated,n_valid_depth,n_invalid_depth_or_nonfinite,n_projected_outside_image,mean_error_px,median_error_px,p95_error_px,max_error_px,max_opencv_difference_px
1,P1180141.JPG,1,1367,4309,1367,0,0,0.8041159400370518,0.6184384772996188,2.19529673257468,3.713099553165437,9.094947017729282e-13
2,P1180142.JPG,1,1428,4633,1428,0,0,0.7641527333262976,0.5571832654152247,2.0841458306131955,3.4907573727830004,9.094947017729282e-13
3,P1180143.JPG,1,1011,3113,1011,0,0,0.8595565049671263,0.6671321887627123,2.3256384557007888,3.7631527526004995,5.084229945850415e-13
4,P1180144.JPG,1,681,3687,681,0,0,0.8947931091562834,0.6854215796598205,2.305307265651006,3.799996993366614,5.084229945850415e-13
5,P1180145.JPG,1,405,4305,405,0,0,1.002075309531535,0.8414687628575279,2.4225971321927715,3.732490675675034,5.084229945850415e-13
6,P1180146.JPG,1,482,4780,482,0,0,1.0592980679588264,0.8659370512115218,2.7000354755577574,3.594980320733468,5.084229945850415e-13
7,P1180147.JPG,1,736,4694,736,0,0,0.816668448528517,0.6408649077836621,2.084097194586808,3.652436093728581,5.084229945850415e-13
8,P1180148.JPG,1,737,4338,737,0,0,0.8739950159129553,0.6555547905655011,2.3090877829635335,3.7818937859501416,4.687428401686771e-13
9,P1180149.JPG,1,663,3965,663,0,0,0.8440777058353712,0.6293375794158402,2.3313784150343664,3.471957599995268,5.084229945850415e-13
10,P1180150.JPG,1,583,4318,583,0,0,0.8306671584112638,0.609153995911392,2.2587432330899095,3.774008254401583,5.084229945850415e-13
11,P1180151.JPG,1,548,4446,548,0,0,0.915512868491027,0.722039771394035,2.4874185674345797,3.695073155110993,4.547473508864641e-13
12,P1180152.JPG,1,427,4480,427,0,0,0.9916607580950487,0.8421648049888724,2.4699348362552445,3.8463546748216437,5.084229945850415e-13
13,P1180153.JPG,1,267,4437,267,0,0,1.0464627423771153,0.855713985816607,2.4990638511441854,3.3226213690831545,4.547473508864641e-13
14,P1180154.JPG,1,275,5177,275,0,0,0.9692845803341912,0.7487246523239477,2.5647127859595646,3.3864434202503917,5.084229945850415e-13
15,P1180155.JPG,1,456,5417,456,0,0,0.9598268086146394,0.7657536971493504,2.5157690665677555,3.7241628249827587,6.431098710768743e-13
16,P1180156.JPG,1,616,4599,616,0,0,0.982717513909988,0.7930258798481318,2.3814809527703087,3.9708685929990386,5.084229945850415e-13
17,P1180157.JPG,1,627,4643,627,0,0,1.0794924118910434,0.8692174950962477,2.766252723148374,3.938881450057763,9.094947017729282e-13
18,P1180158.JPG,1,915,4332,915,0,0,0.9867270458385791,0.7898534724217106,2.5640775112570804,3.7221071173563613,5.084229945850415e-13
19,P1180159.JPG,1,1099,4674,1099,0,0,0.8415103411545252,0.6717544760711107,2.2669204466479895,3.7345301972616234,5.084229945850415e-13
20,P1180160.JPG,1,1408,3741,1408,0,0,0.8622300899583912,0.7115593040449615,2.1664278514754987,3.960476343189642,5.084229945850415e-13
21,P1180161.JPG,1,1037,4064,1037,0,0,0.8795508056240785,0.6791155748208032,2.3614961836276396,3.720511315399052,5.084229945850415e-13
22,P1180162.JPG,1,1212,3536,1212,0,1,0.8385036547678808,0.673000457073528,2.1325436145280654,3.3528982977419415,5.084229945850415e-13
23,P1180163.JPG,1,751,5124,751,0,0,0.9407737383247504,0.7437528659159979,2.37019602726006,3.9760959163124623,4.687428401686771e-13
24,P1180164.JPG,1,1366,2950,1366,0,0,0.7721904693878698,0.5813208072140215,2.173971059693277,3.7634581150469093,9.094947017729282e-13
25,P1180165.JPG,1,2169,5012,2169,0,0,0.6865895963155918,0.5346013192573594,1.8473251081465196,3.6581671834659906,5.084229945850415e-13
26,P1180166.JPG,1,2070,3486,2070,0,0,0.6757300475843536,0.5464523150961215,1.7476898810322368,3.5611439493446015,9.165725883006586e-13
27,P1180167.JPG,1,2278,2813,2278,0,0,0.6424220686470768,0.5028408615277122,1.7267321207034063,3.761723633148542,9.094947017729282e-13
28,P1180168.JPG,1,1922,2668,1922,0,0,0.639208726964475,0.4890689504227578,1.7028811373324728,3.7346800094349875,5.084229945850415e-13
29,P1180169.JPG,1,1311,3371,1311,0,0,0.6284826633899779,0.49280448483127476,1.585483219905258,3.8825666772014045,5.084229945850415e-13
30,P1180170.JPG,1,1611,2486,1611,0,0,0.6696104695964116,0.5320990436829718,1.7304054351850424,3.522707732395387,9.094947017729282e-13
31,P1180171.JPG,1,2229,3631,2229,0,0,0.5962487310696827,0.44869105736714343,1.6107695630437653,3.569046370135019,9.094947017729282e-13
32,P1180172.JPG,1,1738,2551,1738,0,0,0.7163009920377464,0.5464074167291604,1.9527509035183652,3.743688152726696,9.094947017729282e-13
33,P1180173.JPG,1,1301,3812,1301,0,0,0.7089205792861774,0.5760285088529078,1.8092915486682557,3.4189960886948865,5.084229945850415e-13
34,P1180174.JPG,1,1725,2493,1725,0,0,0.6465364800309688,0.5178471509121444,1.662719936362235,3.5215709427721253,9.165725883006586e-13
35,P1180175.JPG,1,1219,3365,1219,0,0,0.7942264266599619,0.6171942378439057,2.1219705196414167,3.8465486016259485,9.374856803373542e-13
36,P1180176.JPG,1,2085,2313,2085,0,0,0.670252395057256,0.5280045076184862,1.7436699673027811,3.795543703327442,9.165725883006586e-13
37,P1180177.JPG,1,2473,2598,2473,0,0,0.6353292157810007,0.487936540289001,1.686768436732226,3.797952031557068,9.094947017729282e-13
38,P1180178.JPG,1,2480,2607,2480,0,0,0.5974069841793603,0.4790610417825087,1.545993119483671,3.5640229697360573,9.165725883006586e-13
39,P1180179.JPG,1,2487,2915,2487,0,0,0.5975273635664458,0.4751133599210338,1.5441452269048226,3.605129185374518,9.165725883006586e-13
40,P1180180.JPG,1,2350,3491,2350,0,0,0.6441407425240412,0.5162088422576205,1.6527528692515503,3.4617819321095364,9.094947017729282e-13
41,P1180181.JPG,1,1399,3316,1399,0,0,0.7742786952679778,0.6442735544278037,1.89230584354928,3.711560176165969,5.084229945850415e-13
42,P1180182.JPG,1,1701,4558,1701,0,0,0.7117973558494611,0.546713502063061,1.984024055669358,3.553155802677043,4.687428401686771e-13
43,P1180183.JPG,1,1603,4787,1603,0,0,0.756436648978578,0.5197974101016263,2.298539488061713,3.866396884768739,4.687428401686771e-13
44,P1180184.JPG,1,1538,4934,1538,0,0,0.8575670091188857,0.6321831570100767,2.3683756805031786,3.8310059813316317,4.687428401686771e-13
45,P1180185.JPG,1,1611,4640,1611,0,0,0.9593780774701854,0.7620038453001053,2.3998406407706425,3.674536663119294,5.084229945850415e-13
46,P1180186.JPG,1,1828,3679,1828,0,0,0.8067989535500631,0.6026260589478383,2.1420781342802377,3.969824562569457,5.084229945850415e-13
47,P1180187.JPG,1,1913,2772,1913,0,0,0.7476665678766726,0.5621129816816823,2.0120284855902986,3.9571008577893725,4.687428401686771e-13
48,P1180188.JPG,1,1892,2849,1892,0,0,0.714894180140472,0.5354823550131997,1.9871155317854698,3.631895010058263,4.687428401686771e-13
49,P1180189.JPG,1,2176,2464,2176,0,0,0.7385022160609684,0.5651700180564431,1.9840905292276494,3.6229232695822526,4.687428401686771e-13
50,P1180190.JPG,1,2139,2133,2139,0,0,0.70738003518965,0.5341042071400272,1.927862659852796,3.6446704088506574,5.084229945850415e-13
51,P1180191.JPG,1,2490,2466,2490,0,0,0.7063577041520838,0.5210742551340686,1.952252193274081,3.7710266505362733,5.084229945850415e-13
52,P1180192.JPG,1,2345,2882,2345,0,0,0.7289066491933247,0.5550002485938661,1.9441755807054266,3.532037314063886,5.084229945850415e-13
53,P1180193.JPG,1,3010,3425,3010,0,0,0.6484842068081108,0.49513810028611743,1.8037492717996115,3.5803603185285557,6.431098710768743e-13
54,P1180194.JPG,1,2966,3113,2966,0,0,0.6594150470180645,0.49413889454645343,1.8307919640696504,3.7290570199429975,6.431098710768743e-13
55,P1180195.JPG,1,2753,3513,2753,0,0,0.6608407513145448,0.491918855812043,1.843817881974626,3.8695206366077604,5.084229945850415e-13
56,P1180196.JPG,1,2666,3839,2666,0,0,0.7533655191525852,0.552402809160395,2.1280284187422494,3.8740825105203034,5.084229945850415e-13
57,P1180197.JPG,1,2136,1972,2136,0,0,0.8165489498385023,0.6170412896002238,2.2498557043668046,3.884291737669598,6.431098710768743e-13
58,P1180198.JPG,1,2314,2600,2314,0,0,0.8468655270731892,0.6408086040468306,2.3032000731226785,3.817630469063668,5.084229945850415e-13
59,P1180199.JPG,1,2116,3809,2116,0,0,0.9479083905077228,0.7343233003941043,2.511216751753264,3.875424230128255,9.094947017729282e-13
60,P1180200.JPG,1,1852,4517,1852,0,0,0.9344379895163711,0.7205613214689554,2.4979120976222364,3.731057573201032,6.431098710768743e-13
61,P1180201.JPG,1,1364,3792,1364,0,0,0.9692979099408404,0.7568091689939853,2.47476006559068,3.6607303846497548,9.094947017729282e-13
62,P1180202.JPG,1,2930,2606,2930,0,0,0.779556730703459,0.5912526150182369,2.1359762747774833,3.8407233952470943,9.094947017729282e-13
63,P1180203.JPG,1,3330,2515,3330,0,0,0.8051284444787496,0.6298189759285758,2.1246239207329163,3.897358796600498,9.094947017729282e-13
64,P1180204.JPG,1,3527,2283,3527,0,0,0.7542750975604166,0.5744209967105577,2.031862877125199,3.5246720166426746,9.374856803373542e-13
65,P1180205.JPG,1,3700,2330,3700,0,0,0.7707882554308818,0.5997134853413679,2.0683445329503485,3.813616409314456,9.094947017729282e-13
66,P1180206.JPG,1,3632,2307,3632,0,0,0.8015019531175186,0.6418962561010932,2.0840117913013945,3.6422405733604504,9.094947017729282e-13
67,P1180207.JPG,1,3515,2266,3515,0,0,0.7933233922008293,0.6394475981891937,2.058273753969905,3.776940830626724,9.374856803373542e-13
68,P1180208.JPG,1,3400,2277,3400,0,0,0.7716109393868665,0.6162889846433532,1.9897255462001606,3.7099867790645074,9.094947017729282e-13
69,P1180209.JPG,1,3404,1992,3404,0,0,0.7891774334924234,0.6234009798546074,2.0353348411765237,3.7151332878581083,9.094947017729282e-13
70,P1180210.JPG,1,3405,2169,3405,0,0,0.817109459049652,0.6503277118291606,2.163581290296109,3.9705224732563718,9.094947017729282e-13
71,P1180211.JPG,1,3426,2351,3426,0,0,0.8077812171191132,0.6342571567934253,2.125009742203563,3.811339222721033,9.094947017729282e-13
72,P1180212.JPG,1,3459,2319,3459,0,0,0.7830833164951094,0.6113697133230755,2.088485060133055,3.7666672230931986,9.165725883006586e-13
73,P1180213.JPG,1,3177,2662,3177,0,0,0.79837038458659,0.631584980446096,2.0684649571737155,3.7324743442693373,5.084229945850415e-13
74,P1180214.JPG,1,3450,2394,3450,0,0,0.8071947472128939,0.6416312130368236,2.1515112709574793,3.922081545909781,9.094947017729282e-13
75,P1180215.JPG,1,3329,2591,3329,0,0,0.7640106306945701,0.5574687525032056,2.192243037643371,3.8847572584781043,5.084229945850415e-13
76,P1180216.JPG,1,3166,2766,3166,0,0,0.7950103910850768,0.5699308674731167,2.287894422042048,3.837493934628697,6.431098710768743e-13
77,P1180217.JPG,1,2993,3027,2993,0,0,0.7720428211498209,0.5626279834202755,2.1600939034986437,3.9650559742375373,5.084229945850415e-13
78,P1180218.JPG,1,2897,2727,2897,0,0,0.812981888173614,0.602840089584421,2.277768678165644,3.8086382700513277,9.165725883006586e-13
79,P1180219.JPG,1,2765,2548,2765,0,0,0.8453865459942489,0.6506295300737164,2.318484010188488,3.8572279429697036,5.084229945850415e-13
80,P1180220.JPG,1,2354,2946,2354,0,0,0.8790693737496262,0.6855044326111978,2.438095413683236,3.823274222524645,5.084229945850415e-13
81,P1180221.JPG,1,2016,3028,2016,0,0,0.9380714757718964,0.7191278322564096,2.5090126207935253,3.8184427635203346,6.431098710768743e-13
82,P1180222.JPG,1,1119,4233,1119,0,0,0.9941030972127717,0.7705567581239445,2.578301477770742,3.7784149829888505,9.094947017729282e-13
83,P1180223.JPG,1,1021,4150,1021,0,0,1.0116412529149161,0.7932729049158824,2.6581785788116794,3.9066069158122914,5.084229945850415e-13
84,P1180224.JPG,1,928,5503,928,0,0,0.9682566092138919,0.7474338136258892,2.584253384493729,3.865089694773341,5.084229945850415e-13
85,P1180225.JPG,1,932,3787,932,0,0,0.9473897644558097,0.746368533198544,2.309848579624858,3.8821105871682255,9.094947017729282e-13
86,P1180305.JPG,1,2489,2503,2489,0,0,0.7401811451580506,0.5559293565480045,2.0289641076484135,3.795129607260834,5.084229945850415e-13
87,P1180306.JPG,1,2526,1885,2526,0,0,0.7268849721118383,0.5783243485458494,1.903141888863452,3.6841497777497616,6.431098710768743e-13
88,P1180307.JPG,1,2087,2173,2087,0,0,0.733091305368104,0.5434677415294352,1.9575022454488726,3.7753809906515063,9.094947017729282e-13
89,P1180308.JPG,1,1958,2277,1958,0,0,0.8086109174650828,0.6057465876535358,2.15696618224605,3.876299640898801,9.094947017729282e-13
90,P1180309.JPG,1,2816,3869,2816,0,0,0.7949418707669781,0.6148632402380156,2.198804804682278,3.8025579914862564,5.084229945850415e-13
91,P1180310.JPG,1,2486,3539,2486,0,0,0.8588584878279051,0.6756984652539041,2.2658976253683645,3.8447356114482587,5.084229945850415e-13
92,P1180311.JPG,1,2390,3922,2390,0,0,0.9071291524833488,0.7067541984541985,2.3687064866178504,3.932290306709066,6.431098710768743e-13
93,P1180312.JPG,1,1929,3105,1929,0,0,0.9053014818688023,0.6964537440391966,2.448334288212364,3.775208067348244,5.084229945850415e-13
94,P1180313.JPG,1,2023,3462,2023,0,0,0.8617507999368192,0.6503939009205433,2.3932543467993392,3.7540795708055463,9.374856803373542e-13
95,P1180314.JPG,1,2467,3191,2467,0,0,0.8337971139907877,0.63412862106105,2.263994938950683,3.630196223061859,9.165725883006586e-13
96,P1180315.JPG,1,3005,3140,3005,0,0,0.8308598745531258,0.6895352885636102,2.037031629806782,3.690710010078336,9.094947017729282e-13
97,P1180316.JPG,1,3475,2433,3475,0,0,0.7935540014828686,0.6376936838233976,2.059865955125602,3.9162645411272,9.094947017729282e-13
98,P1180317.JPG,1,3402,2331,3402,0,0,0.8355483594303965,0.675619622746598,2.0877618547546155,3.776624101657332,9.094947017729282e-13
99,P1180318.JPG,1,3509,2273,3509,0,0,0.865507055459762,0.7205021618198483,2.104472803490464,3.780546231505087,9.165725883006586e-13
100,P1180319.JPG,1,3435,2237,3435,0,0,0.8487646727806896,0.6965315534591096,2.123579474982518,3.8815197723373687,9.094947017729282e-13
101,P1180320.JPG,1,2979,2211,2979,0,0,0.8231310419595482,0.6466173462337524,2.1426918965933583,3.9856550575834433,6.431098710768743e-13
102,P1180321.JPG,1,2903,2685,2903,0,0,0.8374894298734235,0.6375430351841832,2.283053534782578,3.85562939001592,6.431098710768743e-13
103,P1180322.JPG,1,2741,3438,2741,0,0,0.8261811617176508,0.6194039798255071,2.2350403030661155,3.883790571745301,5.084229945850415e-13
104,P1180323.JPG,1,2672,3394,2672,0,0,0.9282838070039575,0.7316514487758403,2.4169581289960202,3.732985238706422,5.084229945850415e-13
105,P1180324.JPG,1,2447,3158,2447,0,0,0.890478646811635,0.6880325292554478,2.349567347759591,3.858772989285167,9.165725883006586e-13
106,P1180325.JPG,1,2104,3353,2104,0,0,0.980838701760883,0.7816078921589998,2.38937787025538,3.803885257583036,5.084229945850415e-13
107,P1180326.JPG,1,1506,4149,1506,0,0,0.9908225491390688,0.7637185445119592,2.625478691675843,3.9234573552291323,4.687428401686771e-13
108,P1180327.JPG,1,1144,5184,1144,0,0,1.0369073868856535,0.8246870315739532,2.6319669722851198,3.8767751532553025,5.084229945850415e-13
109,P1180328.JPG,1,1049,5381,1049,0,0,0.9110766768729588,0.6543369898040843,2.480679139293257,3.7772794573062285,6.431098710768743e-13
110,P1180329.JPG,1,1308,5086,1308,0,0,0.892236853096661,0.7225006259820661,2.250415765860352,3.858445393960624,5.084229945850415e-13
111,P1180330.JPG,1,717,3487,717,0,0,0.9510229851184715,0.788953077334592,2.4939296723224165,3.626576205032723,9.094947017729282e-13
112,P1180331.JPG,1,710,5082,710,0,0,0.9370733610274409,0.7445123671521059,2.354829217834265,3.3622304552253643,6.431098710768743e-13
113,P1180332.JPG,1,681,4318,681,0,0,0.8865950044952872,0.6982855791499044,2.222935862917037,3.7877770402698925,5.084229945850415e-13
114,P1180333.JPG,1,547,4923,547,0,0,0.9977106149280877,0.7969256611725033,2.4161098987192537,3.6506708621519928,5.084229945850415e-13
115,P1180334.JPG,1,192,2459,192,0,0,1.2555503815357374,1.1265484026438353,2.600372455258931,3.5167179563739484,6.431098710768743e-13
116,P1180335.JPG,1,255,5411,255,0,0,1.0666632465353696,0.8522718050389332,2.6543425952486945,3.248250645504793,5.084229945850415e-13
117,P1180336.JPG,1,587,4895,587,0,0,1.018659889566438,0.8187723520897576,2.5544986782166723,3.7056351639247915,9.094947017729282e-13
118,P1180337.JPG,1,695,5016,695,0,0,0.9870114416007876,0.7664227425171869,2.5673146188925164,3.6268142752587997,6.431098710768743e-13
119,P1180338.JPG,1,814,4707,814,0,0,1.0099392102910123,0.8004964631525063,2.521654102375805,3.582082783914945,9.094947017729282e-13
120,P1180339.JPG,1,1255,4375,1255,0,0,0.9052228542612775,0.7072989178708349,2.3304888258796557,3.6921617700919565,6.431098710768743e-13
121,P1180340.JPG,1,1424,3703,1424,0,0,0.854773827891148,0.6646185668336462,2.2416682887313,3.643729014340954,6.431098710768743e-13
122,P1180341.JPG,1,1217,4312,1217,0,0,0.8668133157462555,0.6573049142235282,2.322718109159471,3.631726329023449,5.084229945850415e-13
123,P1180342.JPG,1,1078,4234,1078,0,0,0.8430299662616727,0.6555808672786982,2.2308694045224358,3.5904892580843937,9.374856803373542e-13
124,P1180343.JPG,1,1180,3565,1180,0,0,0.8137528760555179,0.6401775548779303,2.14564518527554,3.4266566293917466,5.084229945850415e-13
125,P1180344.JPG,1,869,3904,869,0,0,0.8736118443378913,0.690112295947037,2.1715670280660953,3.55929582639528,5.084229945850415e-13
126,P1180345.JPG,1,1551,2739,1551,0,0,0.779484968223397,0.6545681855964477,1.8832158558807608,3.302543249529013,5.084229945850415e-13
127,P1180346.JPG,1,2194,4330,2194,0,0,0.7466915270568816,0.5795677277424326,1.887448461955211,3.5267363314817244,5.084229945850415e-13
128,P1180347.JPG,1,2058,3081,2058,0,0,0.6202998824348902,0.4715863189843621,1.6755438174467776,3.47659113753026,9.094947017729282e-13
