n_points,n_finite,finite_fraction,positive_depth_fraction,median_3d_m,mean_3d_m,rmse_3d_m,p90_3d_m,median_reprojection_px,opencv_n_common_finite,opencv_max_difference_m,baseline_m,noise_px,repeat,noise_seed
300,300,1.0,1.0,3.566841437502201e-15,4.601896609387858e-15,6.107296996197642e-15,9.854837441057257e-15,6.355287432313019e-14,300,2.2360522891433096e-14,0.5,0.0,0,20262006
300,300,1.0,1.0,0.08340713948655952,0.10541165192458422,0.1374654395159719,0.20898066106413982,0.5831212429263058,300,4.2284687665339836e-13,0.5,1.0,0,20262006
300,300,1.0,1.0,0.08533547508399024,0.10179579736857478,0.13344000495308067,0.21198062903602488,0.4782289061934099,300,5.156802054212789e-13,0.5,1.0,1,20262007
300,300,1.0,1.0,0.07993010899927139,0.10957238442906354,0.14508756301509218,0.24811784216555036,0.52526499682028,300,4.4692225826773764e-13,0.5,1.0,2,20262008
300,300,1.0,1.0,0.07887919721568551,0.10555742965149867,0.14127935444014317,0.2199137619536599,0.4842661482676246,300,5.499023292223567e-13,0.5,1.0,3,20262009
300,300,1.0,1.0,0.07830471708102649,0.10556102178177182,0.14184568837612666,0.23016722799661907,0.49623860654006885,300,5.232424578889168e-13,0.5,1.0,4,20262010
300,300,1.0,1.0,0.08366150732569996,0.10954538537496748,0.14509234725404116,0.23476950194710408,0.466041632470637,300,6.011219906987319e-13,0.5,1.0,5,20262011
300,300,1.0,1.0,0.07563765779431164,0.10127312127498264,0.13493726841206308,0.22400903524470542,0.4427610947602776,300,4.642013603376871e-13,0.5,1.0,6,20262012
300,300,1.0,1.0,0.0742616433557501,0.10012362982625045,0.13692505712762829,0.22936809886067633,0.4790301530848599,300,5.949313747794207e-13,0.5,1.0,7,20262013
300,300,1.0,1.0,0.07888359996297908,0.10650010851054631,0.14145648710584147,0.2445256170377753,0.46596659705847954,300,3.6803089476171334e-13,0.5,1.0,8,20262014
300,300,1.0,1.0,0.07471745079973721,0.09548995313516566,0.12346526422710095,0.20152819068393052,0.43347418420825495,300,4.5377921198412724e-13,0.5,1.0,9,20262015
300,300,1.0,1.0,2.1413475271204137e-14,3.427522417586168e-14,5.46329499723658e-14,7.839804322572377e-14,5.684341886080802e-14,300,3.658033502462342e-13,0.05,0.0,0,20262006
300,300,1.0,1.0,0.8405306638010994,1.4316170115975324,5.6365538686677334,2.096340858839394,0.5831269173076915,300,2.471769061437156e-11,0.05,1.0,0,20262006
300,300,1.0,1.0,0.8493661201648528,1.137826931410794,1.81159080285585,2.2215106343595283,0.47823147479352324,300,1.2061108226353866e-12,0.05,1.0,1,20262007
300,300,1.0,1.0,0.8179590305711179,1.2547750363433272,2.2899781364842546,2.439578298911789,0.5252749029922718,300,1.9486160066876627e-12,0.05,1.0,2,20262008
300,300,1.0,1.0,0.812792549618772,1.1521891336774364,1.744524704618126,2.4558711236534787,0.48426833639243283,300,1.0901709206892065e-12,0.05,1.0,3,20262009
300,300,1.0,1.0,0.8073681320040954,1.1880174096469802,1.9936452953161485,2.4084888915993834,0.49624628330032194,300,8.513223337788667e-13,0.05,1.0,4,20262010
300,300,1.0,1.0,0.824095515188854,1.2597068255958646,1.971076232860523,2.5779588258069017,0.4660466643574766,300,9.33211422501657e-13,0.05,1.0,5,20262011
300,300,1.0,1.0,0.7613918133012763,1.1381372960453469,1.7255118585121778,2.4469575111616453,0.4427647703617331,300,1.015005789624522e-12,0.05,1.0,6,20262012
300,300,1.0,1.0,0.742597717754534,1.148611866150824,1.9750757022728294,2.2225118138035516,0.4790331847441419,300,1.365753460624966e-12,0.05,1.0,7,20262013
300,300,1.0,1.0,0.7792642168677432,1.1974157417660736,1.919618429733414,2.670749005281639,0.46597036955426374,300,3.3707474741645416e-12,0.05,1.0,8,20262014
300,300,1.0,1.0,0.6983346383426126,0.9976395277474902,1.4381422184697608,2.077590957868844,0.43347790436723044,300,1.8610945006132465e-12,0.05,1.0,9,20262015
