pixel_id,u,v,raw_depth,X_m,Y_m,Z_m,R,G,B,cycle_px
7150,110,11,1377,-1.0989771223068237,-1.198645691871643,2.753999948501587,0.5725490196078431,0.611764705882353,0.6470588235294118,0.0
49393,113,77,1398,-1.0997600015004476,-0.865428572609311,2.7960000038146973,0.6196078431372549,0.6196078431372549,0.6666666666666666,0.0
91624,104,143,1370,-1.1247047658193678,-0.5036380969910395,2.740000009536743,0.9058823529411765,0.8823529411764706,0.9215686274509803,0.0
130476,556,203,1486,1.338815185683114,-0.20662475381578718,2.9719998836517334,0.7098039215686275,0.7450980392156863,0.7647058823529411,0.0
153049,89,239,1391,-1.22143050466265,-0.002649523871285575,2.7820000648498535,0.8588235294117647,0.8117647058823529,0.8117647058823529,0.0
160587,587,250,1249,1.2727904285703386,0.04995999813079834,2.497999906539917,0.6,0.6352941176470588,0.6549019607843137,0.0
167610,570,261,1238,1.181405747958592,0.10139809812818255,2.4760000705718994,0.6078431372549019,0.6431372549019608,0.6627450980392157,0.0
174586,506,272,1211,0.8603866422744024,0.14993332908267065,2.421999931335449,0.8392156862745098,0.8509803921568627,0.8235294117647058,0.0
181624,504,283,1249,0.877868538584028,0.2069771351133074,2.497999906539917,0.9921568627450981,0.9921568627450981,0.9529411764705882,0.0
191472,112,299,1398,-1.105085715793428,0.31688000043233233,2.7960000038146973,0.9764705882352941,0.996078431372549,1.0,0.0
214503,103,335,1384,-1.1414704297837757,0.5035123604819888,2.7679998874664307,0.8745098039215686,0.7529411764705882,0.7450980392156863,0.0
236917,117,370,1412,-1.0892570972442628,0.7019656848907471,2.8239998817443848,0.6588235294117647,0.5686274509803921,0.5372549019607843,0.0
246950,550,385,1448,1.2714818645658947,0.8026056889125279,2.8959999084472656,0.8313725490196079,0.5176470588235295,0.30980392156862746,0.0
250047,447,390,1419,0.6892285857881818,0.8135600169499715,2.8380000591278076,0.7647058823529411,0.5686274509803921,0.4627450980392157,0.0
253145,345,395,1391,0.1351257174355643,0.8240019239698138,2.7820000648498535,0.996078431372549,0.7764705882352941,0.5843137254901961,0.0
256242,242,400,1344,-0.3967999946503412,0.8217599889210292,2.687999963760376,0.984313725490196,0.6823529411764706,0.5176470588235295,0.0
259340,140,405,1313,-0.8978418799809047,0.827815215247018,2.625999927520752,0.9921568627450981,0.6901960784313725,0.5254901960784314,0.0
262437,37,410,1147,-1.234390427952721,0.7450037804104033,2.2939999103546143,0.8509803921568627,0.6392156862745098,0.5294117647058824,0.0
265495,535,414,1238,1.016339076587132,0.8229752615519932,2.4760000705718994,0.9019607843137255,0.5686274509803921,0.3568627450980392,0.0
268593,433,419,1211,0.5236133184887114,0.8280933098565965,2.421999931335449,0.9764705882352941,0.6627450980392157,0.47058823529411764,0.0
271691,331,424,1180,0.051695235797337126,0.8293713917051043,2.359999895095825,0.9411764705882353,0.6705882352941176,0.5098039215686274,0.0
274788,228,429,1156,-0.4029485777446202,0.8345219178426834,2.312000036239624,0.7215686274509804,0.5568627450980392,0.4588235294117647,0.0
277885,125,434,1119,-0.8291256831941151,0.8291256831941151,2.23799991607666,0.996078431372549,0.6666666666666666,0.4823529411764706,0.0
280982,22,439,1097,-1.2432666699091592,0.8337200021743775,2.194000005722046,0.7254901960784313,0.5568627450980392,0.43137254901960786,0.0
284040,520,443,1076,0.821859028679984,0.8341561712537493,2.1519999504089355,0.5803921568627451,0.41568627450980394,0.3215686274509804,0.0
287137,417,448,1044,0.38777143955230714,0.8292343091964721,2.0880000591278076,0.9450980392156862,0.6039215686274509,0.42745098039215684,0.0
290234,314,453,1033,-0.021643809363955543,0.8401733271280925,2.065999984741211,0.9411764705882353,0.6784313725490196,0.4745098039215686,0.0
293332,212,458,1003,-0.4107523895445324,0.8348781127021426,2.00600004196167,0.984313725490196,0.7215686274509804,0.5176470588235295,0.0
296430,110,463,982,-0.7837295184816633,0.8361028514589582,1.9639999866485596,0.7058823529411765,0.5411764705882353,0.44313725490196076,0.0
300115,595,468,965,1.012790448665619,0.8400095009803772,1.9299999475479126,0.5254901960784314,0.36470588235294116,0.2549019607843137,0.0
