image_id,name,C_x,C_y,C_z,t_x,t_y,t_z,rotation_determinant,orthogonality_residual,center_equation_residual
1,P1180141.JPG,3.277002147996909,-0.5768794928690659,-1.8562021667992226,-0.6212969244914293,0.9960768740683265,3.6247538542448807,1.0,2.522717886009689e-16,6.377745716588144e-16
2,P1180142.JPG,3.30066046543356,-0.5368607320380456,-1.71152164932156,-0.6989529355236564,0.9719816700524061,3.5607024218238035,1.0,4.8102839102436054e-17,4.965068306494546e-16
3,P1180143.JPG,3.3066684994912685,-0.49569627953557416,-1.5704277463545462,-0.7765731455905842,0.9854116542119966,3.4744658143208413,1.0,2.702423455064351e-16,7.195067539997724e-16
4,P1180144.JPG,3.325287892775745,-0.41295680954485814,-1.2899310378433844,-0.6959530178313796,0.8094859686372007,3.428173980756085,1.0,2.712756547933576e-16,5.087681048627601e-16
5,P1180145.JPG,3.37592622949015,-0.3566498751712829,-1.0982964595262903,-0.8723910876944129,0.7068863289225376,3.38667649200821,1.0,2.52811128419378e-16,4.710277376051325e-16
6,P1180146.JPG,3.3926746922099795,-0.30898786247603444,-0.9446481704448344,-0.49938717632178437,0.8486758091198956,3.3953552172614283,1.0000000000000002,6.477365045072125e-16,1.4271872719387392e-15
7,P1180147.JPG,3.4545423452896045,-0.2588775330509283,-0.780920629809862,-0.5925224147033442,0.9811490286098811,3.361098212535922,1.0000000000000002,2.560309576216125e-16,5.087681048627601e-16
8,P1180148.JPG,3.520178684609665,-0.19363678657092798,-0.5603966723544103,-0.5972279649002531,1.01325347708026,3.3704352472945547,0.9999999999999999,2.654100857176126e-16,9.155133597044475e-16
9,P1180149.JPG,3.58625552692235,-0.1394582916145949,-0.3898715260235609,-0.35367627943918883,0.9454173417780971,3.4660894774244344,1.0000000000000002,6.440945992662175e-16,1.355199909595506e-15
10,P1180150.JPG,3.6454503251418746,-0.06905513706272803,-0.15137287961264634,-0.46225786879028313,0.9756118981242511,3.4858986675882924,1.0000000000000007,8.49490483246617e-16,1.8906416838689214e-15
11,P1180151.JPG,3.6746077318381896,1.624470728156524e-06,0.08175775035279087,-0.4613908310763288,0.9664137441204397,3.516047395699352,1.0000000000000002,4.088888245306431e-16,1.4054300946555646e-15
12,P1180152.JPG,3.681229528312474,0.07760357203496715,0.3176092551990568,-0.3789458181662628,1.0456419024627253,3.524398086511907,1.0000000000000007,8.663183447995119e-16,1.8115696578480912e-15
13,P1180153.JPG,3.6287663814776945,0.16470463594828444,0.5570633658429637,-0.12572682353805492,0.9466690117990479,3.5487185306744626,0.9999999999999998,3.059700347915481e-16,6.866350197783356e-16
14,P1180154.JPG,3.6074458989663194,0.2442972444466709,0.8060898669314444,-0.10565363359066454,0.9720855412707371,3.573095988263423,1.0000000000000007,7.235410121513207e-16,1.871444256147692e-15
15,P1180155.JPG,3.5977885046874647,0.3177822752946654,1.0459412873390364,-0.03303546779521904,1.028515483859358,3.616645605093517,1.0000000000000007,8.476485418348118e-16,1.950026725572439e-15
16,P1180156.JPG,3.496966872084129,0.3724867984684268,1.217657595366664,0.13246115966889435,0.9982896970646331,3.5827483111369975,1.0000000000000002,5.048920758405885e-16,1.9580963544438024e-15
17,P1180157.JPG,3.3334730126842977,0.42765356007856825,1.4143713515556218,0.017096086675865832,0.915318329936915,3.5294866896682784,1.0000000000000002,6.546382026238106e-16,9.675776883686331e-16
18,P1180158.JPG,3.0576072529326535,0.46179140459956614,1.6318482044816642,-0.1328466894815789,0.8589501594441148,3.3866943112278602,1.0000000000000004,3.163207403540049e-16,9.171947447016606e-16
19,P1180159.JPG,2.8317735616772275,0.48053714871881426,1.714760904753029,-0.28933997458895916,0.8106040963218963,3.232563347331864,0.9999999999999999,1.4088618785451972e-16,2.0014830212433605e-16
20,P1180160.JPG,2.6108925856600624,0.4654014534143769,1.5872548534490323,-0.25082740355724464,0.7480341656525664,2.9883552461401908,1.0000000000000004,1.005857824629319e-15,2.7555010819726127e-15
21,P1180161.JPG,2.39958480522726,0.5710363045944382,1.8606108400183425,-0.16101975609380276,0.8132902871471258,2.9763390169158854,1.0,3.4433497978263353e-16,5.33167196845001e-16
22,P1180162.JPG,2.1057372563066887,0.628026388031123,1.9935273496109192,-0.2437887015944435,0.7917396114553077,2.8489319554765897,1.0000000000000007,8.489225309897484e-16,1.6930901125533637e-15
23,P1180163.JPG,1.8837762311211044,0.7307123388562538,2.2704746735867216,-0.22986686666682898,0.6563261892508472,2.9587169197820486,1.0,3.399906678800997e-16,5.095246377785861e-16
24,P1180164.JPG,1.5948609208394309,0.7255784079746418,2.298511334055162,-0.14114547158583407,0.6516494469056812,2.812228776241042,1.0,2.678990042577991e-16,4.308824046522781e-16
25,P1180165.JPG,1.2296654766646058,0.7363690134769586,2.410590787266985,0.07532528877901189,0.7090468221306714,2.71235011697661,1.000000000000001,1.4814853697742736e-15,2.8114425273797888e-15
26,P1180166.JPG,1.1266741330594003,0.8081567161823766,2.6742037784162704,-0.25061806343694076,0.8237787086740638,2.886599548591057,1.0000000000000009,1.0230036737056958e-15,2.2914745035407573e-15
27,P1180167.JPG,0.9173699614066604,0.8206536321063023,2.728309266744284,-0.1583367642269264,0.8538555722802033,2.864362340166384,1.0000000000000004,8.171912283584003e-16,1.8619006149354546e-15
28,P1180168.JPG,0.6791301020280942,0.8231408858226641,2.737705268644699,-0.38307662127943876,0.7534105831115465,2.814148813912156,1.0000000000000009,1.0652286466272877e-15,2.2867629927476573e-15
29,P1180169.JPG,0.30195217551727915,0.8770358495697355,2.9139564103113704,-0.40734635016310083,0.9326296491638529,2.883709390253144,1.0000000000000004,6.36402423985247e-16,9.930136612989092e-16
30,P1180170.JPG,0.13164853531148824,1.005678338210581,3.103819309033179,-0.8833400518678703,1.1130182542799683,2.939951577548258,1.0000000000000004,8.431077696043252e-16,2.094764613337708e-15
31,P1180171.JPG,-0.10883091257882294,1.081406051539883,3.2366959658685124,-0.8165714055444557,1.1364037546837702,3.1143669721625766,1.0000000000000009,8.576579392701678e-16,1.976695897494813e-15
32,P1180172.JPG,-0.3310565203983632,1.1255967727801144,3.331454991135654,-0.9585681750868124,1.1738178830245498,3.190369493296416,1.0000000000000009,1.2600208858507872e-15,3.3009303617866928e-15
33,P1180173.JPG,-0.5598852052754986,1.1104619205210686,3.3383634236818485,-0.5519147631008077,1.2378424225305142,3.294602206617011,1.0000000000000009,1.2331562205279824e-15,3.227294399221455e-15
34,P1180174.JPG,-0.5954154988091803,0.9281438171395252,3.0952822196394383,-0.722438466957355,1.1185213907385665,3.0039532520751915,1.000000000000001,1.381627085155475e-15,3.722145839155691e-15
35,P1180175.JPG,-0.9196544763962828,0.8323188406142821,2.804426877331873,-0.7537782966082915,1.0984843768166748,2.7619702156523336,1.0000000000000009,1.5655204260698074e-15,3.3325189318763902e-15
36,P1180176.JPG,-1.0869129184161739,0.9169139949867015,3.099457397259052,-1.1012751275479253,1.1490175555337572,3.0159076369089655,1.0000000000000004,5.344764876861058e-16,9.42055475210265e-16
37,P1180177.JPG,-1.2955912846413673,0.9412742288609256,3.1795114548478494,-1.2732584568030634,1.0576932115089925,3.1518161454584166,1.0000000000000009,1.1349337584883974e-15,2.636633597461006e-15
38,P1180178.JPG,-1.5332080517876958,0.9577418059673088,3.23284389163914,-1.0015644314749224,1.1941047730833756,3.3600979755323293,1.0000000000000002,2.338237620172055e-16,9.930136612989092e-16
39,P1180179.JPG,-1.7406657887368786,0.9729661180657319,3.2700408966442556,-1.1146065267036933,1.1216754646459992,3.4884444045089147,1.0000000000000004,4.508620550135056e-16,8.308148362110449e-16
40,P1180180.JPG,-1.969185158363273,0.973412627460272,3.248625413291654,-1.126045581022657,1.0784983156886094,3.5982846107024176,0.9999999999999999,3.15699075932921e-16,6.661338147750939e-16
41,P1180181.JPG,-2.25816610901734,0.954087616588621,3.114347980636472,-1.4974359597514026,1.1393687052544121,3.4883069246365066,1.0000000000000013,1.8261220066419085e-15,4.910148818092704e-15
42,P1180182.JPG,-2.619504409661159,0.9436379596540414,3.047045247153912,-1.6800588254222806,1.0520669876555697,3.620400265984907,0.9999999999999998,2.911273702050869e-16,5.438959822042073e-16
43,P1180183.JPG,-2.9510718881996505,0.9151353271152769,2.935376564205967,-1.7172974098914056,1.20319745049357,3.710247839572486,1.0,1.020293300205271e-16,9.155133597044475e-16
44,P1180184.JPG,-3.153294228414861,0.8947489778527862,2.855907887102576,-1.645850340319015,1.0348566143286397,3.8884828055412344,1.0,2.1904114874165106e-16,4.965068306494546e-16
45,P1180185.JPG,-3.5259762517170588,0.8417771692507434,2.648142348910914,-0.8086881055338222,1.140572805380983,4.266013649067867,1.0000000000000009,1.463374337437264e-15,4.669540497562317e-15
46,P1180186.JPG,-3.8717002995357825,0.8633249470181035,2.651071167509839,-0.887348372305968,1.2484870826553276,4.518568841943209,1.0000000000000002,2.779606449997428e-16,1.8444410139024814e-15
47,P1180187.JPG,-4.208196286338103,0.8587712299156491,2.579899995389484,-1.0133447771148092,1.3964541303640199,4.703757670243513,1.0000000000000007,8.69488396274197e-16,4.033640560360252e-15
48,P1180188.JPG,-4.466499636509213,0.7877920348098704,2.3733271868080923,-0.6986130168496714,1.4167903408103224,4.869041200438129,1.0000000000000004,8.135529623276883e-16,3.0058147905533703e-15
49,P1180189.JPG,-4.497934730825082,0.6764147473543571,1.9987303190489745,-0.2750052486721868,1.3338587448494197,4.777977564145528,1.0000000000000007,9.851996290326275e-16,3.6687789788066426e-15
50,P1180190.JPG,-4.76655465808952,0.5706172181734304,1.7373873865553948,-0.24651360478960618,1.4404297174838447,4.891682279220075,1.0000000000000007,8.7273532239592155e-16,2.1188977998845354e-15
51,P1180191.JPG,-4.718019076320431,0.4486249025826341,1.3279572941751794,0.1527428441476184,1.4723812170929107,4.693953776722511,1.0,2.925862995028689e-16,1.0565363201361521e-15
52,P1180192.JPG,-4.955867742636268,0.35221579269897507,1.0348165942021947,0.7970729527993354,1.4961037209924848,4.7835002659886685,1.0000000000000007,9.926762636656685e-16,3.781283367737843e-15
53,P1180193.JPG,-5.078746298923607,0.24576063425723937,0.7009524760165717,0.8352179924170204,1.4765052709842406,4.844351321045281,1.0000000000000002,3.4064712039390675e-16,1.1322097734007351e-15
54,P1180194.JPG,-5.082506773010902,0.18093650607034117,0.4826083904183208,1.0762814098952176,1.2621892590424924,4.831771991361401,1.0000000000000004,5.122021087170521e-16,9.930136612989092e-16
55,P1180195.JPG,-5.016174641832168,0.07910225895177558,0.16513823066352895,0.882495680048083,1.3306734690967472,4.7587861197259675,1.0,3.5519343681317424e-16,9.42055475210265e-16
56,P1180196.JPG,-4.945989675261295,-0.01838706717493721,-0.18328369895570784,1.3314083638832235,1.160323522244053,4.623607461565315,1.0000000000000004,5.270349450112082e-16,1.9484335006297032e-15
57,P1180197.JPG,-4.757486582121182,-0.09012489414031888,-0.43222315006614354,1.1608155886732288,1.2640738071042168,4.45906296281475,1.0000000000000004,5.014557665346238e-16,1.1957467920563633e-15
58,P1180198.JPG,-4.496707575296633,-0.13167636693035423,-0.553655438082391,1.3567265717667134,1.1932709007524203,4.156879790700707,1.0000000000000002,3.566788146783657e-16,1.0175362097255202e-15
59,P1180199.JPG,-4.110021722286373,-0.17057724811072617,-0.6636905050758142,1.524700501902911,1.3020017939579216,3.6526620360764315,1.0,2.6302455272606865e-16,7.691850745534255e-16
60,P1180200.JPG,-3.7740025934588446,-0.21699947227604932,-0.7765164705823675,1.2476603283564898,1.1547261682535428,3.4645509603531206,1.0,2.367338320329447e-16,6.661338147750939e-16
61,P1180201.JPG,-3.3686833802497684,-0.21676936038088035,-0.7680531594258373,1.5530290450847788,0.91714976473472,2.9549719832589045,0.9999999999999997,4.1104790791002143e-16,1.336885555457667e-15
62,P1180202.JPG,-3.2483818766356123,-0.5261856238296131,-1.7699258039570127,1.6054527979523219,0.9077177226159053,3.2496251058066057,1.0,1.9829578335137784e-17,1.1102230246251565e-16
63,P1180203.JPG,-3.025371300550828,-0.5710273629374365,-1.9038003955039753,1.5274310485344473,0.7838402918024948,3.1868398909046127,1.0,1.5786379383882906e-16,8.005932084973442e-16
64,P1180204.JPG,-2.759898908304816,-0.6035060613665599,-1.998758875671189,1.569704305622233,0.8490020780333397,2.9650501610678934,0.9999999999999999,2.506086783257306e-16,5.438959822042073e-16
65,P1180205.JPG,-2.489300253952167,-0.6258459270985752,-2.067613578218343,1.5300562033243004,0.7505303578590414,2.8211623463079656,0.9999999999999999,1.2953352268992774e-16,2.482534153247273e-16
66,P1180206.JPG,-2.2359679046134775,-0.6527177453060997,-2.148496480016215,1.2140547793261651,0.7897119054394648,2.8185202055943464,1.0,9.958807368414376e-17,1.1102230246251565e-16
67,P1180207.JPG,-2.023029777630047,-0.678437595095536,-2.22533849824062,1.0489140484649038,0.8436662116518708,2.773637525996982,1.0000000000000002,2.238985186679282e-16,2.482534153247273e-16
68,P1180208.JPG,-1.7884153426480358,-0.7071969141022202,-2.314145744277286,0.9154823081870319,0.7964986583410115,2.753417779696496,1.0,4.4818372720763184e-17,1.5700924586837752e-16
69,P1180209.JPG,-1.537719547127982,-0.7327711393274404,-2.394722980232633,0.7756324036062943,0.8844590406838125,2.693020549519364,1.0000000000000002,1.0754332846828793e-16,4.710277376051325e-16
70,P1180210.JPG,-1.286168581879992,-0.7442753880634749,-2.4299395937900843,0.5677478118614546,0.8604270544215821,2.65520425012971,0.9999999999999999,1.406150625925516e-16,1.1102230246251565e-16
71,P1180211.JPG,-1.0116724949967442,-0.7553493971376622,-2.461196855590541,0.5033901778082328,0.8213506137083942,2.5929723116734147,0.9999999999999998,1.1479579447031346e-16,1.1102230246251565e-16
72,P1180212.JPG,-0.7371552355643345,-0.7719212451903135,-2.515152571428112,0.2933719187126678,0.8382728918638748,2.5838893520688035,0.9999999999999999,4.910106695567001e-17,1.1102230246251565e-16
73,P1180213.JPG,-0.47654259004964533,-0.7848036400918523,-2.5594404673223816,-0.09558405025609697,0.7164342276073189,2.621322335434809,0.9999999999999999,1.2545684606027195e-16,1.1188630228279524e-16
74,P1180214.JPG,-0.18686394749706067,-0.7903838095329547,-2.5757117697320395,0.16610260202414664,0.802236266940705,2.5734690049790796,1.0,1.1107453134636618e-16,4.440892098500626e-16
75,P1180215.JPG,0.08357317694139911,-0.8012262242781688,-2.6079241887154345,-0.05748038104054456,0.7801161896372806,2.615020315202815,0.9999999999999999,1.5711872145525866e-16,1.1188630228279524e-16
76,P1180216.JPG,0.3580134993579412,-0.8010851305730382,-2.612920057724925,-0.1497877574625826,0.8255506635981985,2.6255079527123644,1.0000000000000002,5.1681937530480626e-18,1.1102230246251565e-16
77,P1180217.JPG,0.6464911681790514,-0.7924699111647056,-2.5806650272289726,-0.10684059395548386,0.8631100009066986,2.636174802097862,1.0,1.5707762917797365e-16,4.460365043975677e-16
78,P1180218.JPG,0.9147971708676448,-0.779834535706786,-2.5446134499069237,-0.006151784358611012,0.9222053799899055,2.6588630594715776,1.0,2.569179256059721e-16,4.840375884166904e-16
79,P1180219.JPG,1.1869503157299723,-0.7952690612262779,-2.600812380432272,0.12489782795452989,0.8804037851471359,2.831045509637,1.0,3.63341117285716e-17,1.6711069443220838e-16
80,P1180220.JPG,1.5206344675047891,-0.8165019043015289,-2.6621015139920527,0.10254752230672849,0.9526178066147333,3.024531754582792,1.0,1.152706008017211e-16,1.1188630228279524e-16
81,P1180221.JPG,1.7790134937364328,-0.8249909975670175,-2.6773084087211223,-0.07371681625842315,0.8932871675759241,3.195322102639523,1.0,8.895204797538795e-17,4.449557262054371e-16
82,P1180222.JPG,2.5459194783471344,-0.8790672505402709,-2.8548604055865345,-0.2712602960945851,0.9470522622662557,3.7992371630216155,1.0,2.2933467377819583e-16,2.220446049250313e-16
83,P1180223.JPG,2.770570600235406,-0.7800756877636594,-2.5283791422600017,-0.2808534790917029,0.8126588646596218,3.7333614222997973,1.0,2.663201364132385e-16,5.438959822042073e-16
84,P1180224.JPG,2.902271935652467,-0.6151112891978616,-2.01012706994997,-0.9336197575720696,1.0006179943838638,3.311989266514387,0.9999999999999999,4.6866995967952443e-17,4.440892098500626e-16
85,P1180225.JPG,3.0051353327384187,-0.5147742958748053,-1.6201489089617045,-0.8386015798667853,0.977014252528298,3.2035767466345413,1.0,2.6029565268007585e-16,5.661048867003676e-16
86,P1180305.JPG,-4.931672515080755,0.3065440930483556,0.9343983523179791,0.38175259564731995,1.4857159320506257,4.789089316641297,1.0000000000000002,3.14396289573995e-16,7.771561172376096e-16
87,P1180306.JPG,-5.025893551753729,0.19651350894191721,0.5817021308114864,0.7378724841989153,1.4095846437076964,4.806788559010326,1.0,3.1864323288221617e-16,2.482534153247273e-16
88,P1180307.JPG,-5.059770882956097,0.07729093253604913,0.2015592794939609,0.9707773785094851,1.337737615736371,4.7870586764976,1.0,2.5498283121914606e-16,1.0175362097255202e-15
89,P1180308.JPG,-5.064290922820074,-0.02163091558802077,-0.15390130232375143,0.9686129714233974,1.2664081746537001,4.809282202687273,1.0,2.3239462727208657e-16,2.220446049250313e-16
90,P1180309.JPG,-5.019982630413864,-0.13033507835896685,-0.5537961874811157,1.1791567515657564,1.122875570829918,4.7825351924734045,1.0000000000000002,4.0291494444394257e-16,9.42055475210265e-16
91,P1180310.JPG,-4.9711738424861815,-0.26808264444847957,-0.9721545565184768,1.4109452773772861,1.0492531297396401,4.757922178032261,1.0000000000000002,2.3106418464341943e-16,2.220446049250313e-16
92,P1180311.JPG,-4.645936430501157,-0.38672374374927215,-1.3299193069424264,1.5419331601730981,1.0610312761995675,4.472093547065002,1.0,1.574472343590023e-16,3.1401849173675503e-16
93,P1180312.JPG,-4.1680956761891865,-0.4256951493362137,-1.403639658156403,1.480360828990664,1.0348825121610765,4.032616051398651,1.0000000000000002,3.432318477910346e-16,9.42055475210265e-16
94,P1180313.JPG,-3.828348679258983,-0.46275252788665894,-1.5162979671069274,1.5481802637136521,0.9592197825936049,3.721906543269282,1.0000000000000002,2.279578083990614e-16,2.220446049250313e-16
95,P1180314.JPG,-3.478502424445566,-0.5351421862263812,-1.7428373126219865,1.7716906682950437,0.9382842683504762,3.377065735555429,1.0,2.6642975038744067e-16,2.482534153247273e-16
96,P1180315.JPG,-3.0045817328962263,-0.585489156934746,-1.9050511858338863,2.1008478459150504,0.75668363348524,2.8307944415514554,1.0000000000000002,1.2377832528389055e-16,4.440892098500626e-16
97,P1180316.JPG,-2.5976410531801326,-0.6494222617572432,-2.0954277864101702,1.7563308544700902,0.7961575510550887,2.8003108768182927,1.0000000000000002,2.496769229014688e-16,2.482534153247273e-16
98,P1180317.JPG,-2.087263677377793,-0.707084225281249,-2.2745179590729316,1.5682957419023154,0.826910926123366,2.6242592274537992,1.0,3.4533917506137893e-17,5.087681048627601e-16
99,P1180318.JPG,-1.5912238894206987,-0.7566479121178319,-2.4332670746284437,1.0493057186245518,0.8470478556025215,2.6845419767303427,1.0,2.252201210369889e-16,4.440892098500626e-16
100,P1180319.JPG,-0.9884112747164726,-0.8126765885562134,-2.6106665340258965,0.3367968304791995,0.84568295149226,2.761225828865017,1.0000000000000002,2.238542702162359e-16,5.551115123125783e-17
101,P1180320.JPG,-0.43413339634691217,-0.8462271678603734,-2.713761577002971,-0.09041681004191225,0.9398425504229956,2.7161728411760895,1.0,1.582684956400288e-17,1.3877787807814457e-17
102,P1180321.JPG,0.16106568514212047,-0.8756189446124641,-2.7987033439539455,-0.22187408583973725,0.8559500809691136,2.8006271525276785,0.9999999999999998,1.110476122596848e-16,4.449557262054371e-16
103,P1180322.JPG,0.6481447784520623,-0.873195711613799,-2.7954598737248793,-0.1963117241182774,0.8265491271177466,2.876705851778371,1.0,2.4859326509496413e-16,4.965068306494546e-16
104,P1180323.JPG,1.012559687473224,-0.8247003751187285,-2.670372706659836,-0.3032263079615408,0.5720743015596312,2.901220953589315,1.0,1.1540861304137383e-16,2.2887833992611187e-16
105,P1180324.JPG,1.3849394799420378,-0.8359597318428437,-2.671631680066747,-0.2119698872141477,0.8274542331329757,3.004145490698793,0.9999999999999998,1.5795540217259634e-16,3.775166431889533e-16
106,P1180325.JPG,1.7003880372847564,-0.8318309134429017,-2.6554079293930952,-0.48293538614961906,0.8366363249888621,3.1146856165426606,1.0,3.149823036340342e-16,1.1102230246251565e-16
107,P1180326.JPG,2.105848880777948,-0.7731943183866726,-2.4845181499347744,-0.49182784779404815,0.8658882597864885,3.195872696105507,1.0,2.511756135801037e-16,4.041272810440265e-16
108,P1180327.JPG,2.485159975158942,-0.7075296501375724,-2.24898771339508,-0.7568959644648786,0.8645798261471088,3.227099977712813,1.0,1.5292986218999418e-16,4.577566798522237e-16
109,P1180328.JPG,2.8409119382759873,-0.6271339122054191,-2.008894654887548,-0.6127158772562257,0.9030660710231316,3.3628538838965096,0.9999999999999999,3.0445328787772345e-18,2.220446049250313e-16
110,P1180329.JPG,3.0292811114918523,-0.5173894440320953,-1.5879977765470126,-0.2838116206520089,0.9607128751427816,3.3109597646412405,1.0000000000000002,2.2570265149001277e-16,2.0014830212433605e-16
111,P1180330.JPG,3.2207326715097837,-0.4390811136485949,-1.3199734162978158,-0.3675955653286406,1.042572254927178,3.329588199617655,1.0000000000000002,3.73012312877973e-16,1.3608726004012153e-15
112,P1180331.JPG,3.312756843706324,-0.27344360952422087,-0.7727285830186961,-0.465368841088558,1.0760570447251614,3.2049605074584058,1.0000000000000004,6.903722826666388e-16,1.5710734600032811e-15
113,P1180332.JPG,3.320793415700796,-0.1784199340007988,-0.4671055690984549,-0.31465404917983836,1.0545161694845508,3.172802967869856,0.9999999999999998,3.154593197377215e-16,9.222205069512407e-16
114,P1180333.JPG,3.4193229111160357,-0.021065101983802292,0.045516451518366696,-0.4175066522335485,1.0723764475927895,3.2202455816835545,1.0000000000000002,3.3625921253701124e-16,5.438959822042073e-16
115,P1180334.JPG,3.466769343722249,0.06480454824273807,0.3140343559466901,-0.3176748216827537,1.0519854774601274,3.3035914020414214,1.0000000000000007,7.068683900064209e-16,1.793620188084545e-15
116,P1180335.JPG,3.291978996617083,0.22814432911035254,0.7996172688799738,-0.250485556023732,0.8379576351024062,3.280799797878767,1.0000000000000002,3.525041961391235e-16,9.757969893912614e-16
117,P1180336.JPG,3.2788776203563597,0.3149059086011552,1.09929009138109,-0.028758389058464257,1.0423405027716697,3.312301634346547,1.0000000000000007,1.016334096496697e-15,1.899816056712084e-15
118,P1180337.JPG,3.1897947763564383,0.36186471120758934,1.280277918011522,0.014772923784812913,1.010074352307827,3.305204970250538,1.0,2.8320470414689233e-16,5.542543307831852e-16
119,P1180338.JPG,3.0157959255427613,0.4132980709747641,1.4927403050568577,0.16615635800790524,0.8862269929104907,3.2681964078163053,0.9999999999999999,1.5172111056509992e-16,5.33167196845001e-16
120,P1180339.JPG,2.8190239025397625,0.4429085643190749,1.6147705744662186,0.01677677242026787,0.7505717808321113,3.1916936427742133,1.0000000000000004,7.187945819417972e-16,1.3705018115003732e-15
121,P1180340.JPG,2.6053814738536585,0.4487015461788413,1.587255306527568,-0.18140530769805407,0.6747178894069447,3.0034268750872366,1.0,1.9416866350605887e-16,8.989550626504553e-16
122,P1180341.JPG,2.3921780264674455,0.4939495366139759,1.6688714400040459,0.10833844088766754,0.684496927430039,2.8759973012610573,1.0000000000000002,4.094769380003683e-16,9.38881321331955e-16
123,P1180342.JPG,2.251028649588108,0.589611357974498,1.9503856448738435,0.25963290143893203,0.678191756719621,2.948121842132191,1.0000000000000002,3.802711343993809e-16,1.047382306668854e-15
124,P1180343.JPG,1.9411952507614896,0.6633542970647138,2.1321581724648446,0.24538463112807354,0.6873064346483112,2.8673633611942124,1.0000000000000004,8.158127266340908e-16,1.0594488999422677e-15
125,P1180344.JPG,1.6451823506485372,0.7164162175910407,2.314213181685317,0.17019828196037984,0.5597172174494819,2.8693568957707782,1.0000000000000007,9.740906909879803e-16,1.8973529592694716e-15
126,P1180345.JPG,1.2782477989104961,0.7038821423820869,2.34693789541495,0.4276152203126319,0.4384804094661195,2.6948775750653464,0.9999999999999999,3.079385228319433e-16,0.0
127,P1180346.JPG,0.9554419581702762,0.7660653702582481,2.584062379571985,0.3620284827549419,0.4291936973962732,2.803895864016682,1.0000000000000004,6.897171339282853e-16,1.3517848686956847e-15
128,P1180347.JPG,0.7658507692861152,0.8130477487649842,2.7452395025831255,-0.19161079134347683,0.6636150612995596,2.8821544587665477,1.0000000000000007,1.1264085608897526e-15,2.2914745035407573e-15
