image_id,name,camera_id,n_keypoints,n_associated,qvec_norm
1,P1180141.JPG,1,5676,1367,1.0
2,P1180142.JPG,1,6061,1428,1.0
3,P1180143.JPG,1,4124,1011,1.0
4,P1180144.JPG,1,4368,681,1.0
5,P1180145.JPG,1,4710,405,1.0
6,P1180146.JPG,1,5262,482,1.0
7,P1180147.JPG,1,5430,736,1.0
8,P1180148.JPG,1,5075,737,1.0
9,P1180149.JPG,1,4628,663,0.9999999999999999
10,P1180150.JPG,1,4901,583,0.9999999999999999
11,P1180151.JPG,1,4994,548,1.0
12,P1180152.JPG,1,4907,427,1.0
13,P1180153.JPG,1,4704,267,1.0000000000000002
14,P1180154.JPG,1,5452,275,0.9999999999999999
15,P1180155.JPG,1,5873,456,1.0
16,P1180156.JPG,1,5215,616,1.0
17,P1180157.JPG,1,5270,627,1.0
18,P1180158.JPG,1,5247,915,1.0
19,P1180159.JPG,1,5773,1099,1.0
20,P1180160.JPG,1,5149,1408,1.0
21,P1180161.JPG,1,5101,1037,1.0
22,P1180162.JPG,1,4748,1212,1.0
23,P1180163.JPG,1,5875,751,1.0
24,P1180164.JPG,1,4316,1366,1.0
25,P1180165.JPG,1,7181,2169,1.0
26,P1180166.JPG,1,5556,2070,0.9999999999999999
27,P1180167.JPG,1,5091,2278,1.0
28,P1180168.JPG,1,4590,1922,0.9999999999999999
29,P1180169.JPG,1,4682,1311,1.0
30,P1180170.JPG,1,4097,1611,1.0
31,P1180171.JPG,1,5860,2229,0.9999999999999999
32,P1180172.JPG,1,4289,1738,1.0
33,P1180173.JPG,1,5113,1301,0.9999999999999999
34,P1180174.JPG,1,4218,1725,1.0
35,P1180175.JPG,1,4584,1219,1.0
36,P1180176.JPG,1,4398,2085,1.0
37,P1180177.JPG,1,5071,2473,1.0
38,P1180178.JPG,1,5087,2480,1.0
39,P1180179.JPG,1,5402,2487,0.9999999999999999
40,P1180180.JPG,1,5841,2350,1.0
41,P1180181.JPG,1,4715,1399,1.0
42,P1180182.JPG,1,6259,1701,1.0
43,P1180183.JPG,1,6390,1603,1.0
44,P1180184.JPG,1,6472,1538,1.0
45,P1180185.JPG,1,6251,1611,1.0
46,P1180186.JPG,1,5507,1828,1.0
47,P1180187.JPG,1,4685,1913,1.0
48,P1180188.JPG,1,4741,1892,1.0
49,P1180189.JPG,1,4640,2176,1.0
50,P1180190.JPG,1,4272,2139,1.0
51,P1180191.JPG,1,4956,2490,1.0
52,P1180192.JPG,1,5227,2345,1.0
53,P1180193.JPG,1,6435,3010,1.0
54,P1180194.JPG,1,6079,2966,1.0
55,P1180195.JPG,1,6266,2753,1.0
56,P1180196.JPG,1,6505,2666,1.0
57,P1180197.JPG,1,4108,2136,1.0
58,P1180198.JPG,1,4914,2314,1.0
59,P1180199.JPG,1,5925,2116,1.0
60,P1180200.JPG,1,6369,1852,0.9999999999999999
61,P1180201.JPG,1,5156,1364,1.0
62,P1180202.JPG,1,5536,2930,1.0
63,P1180203.JPG,1,5845,3330,1.0
64,P1180204.JPG,1,5810,3527,1.0
65,P1180205.JPG,1,6030,3700,1.0
66,P1180206.JPG,1,5939,3632,1.0
67,P1180207.JPG,1,5781,3515,1.0
68,P1180208.JPG,1,5677,3400,1.0
69,P1180209.JPG,1,5396,3404,1.0
70,P1180210.JPG,1,5574,3405,1.0
71,P1180211.JPG,1,5777,3426,1.0
72,P1180212.JPG,1,5778,3459,1.0
73,P1180213.JPG,1,5839,3177,1.0
74,P1180214.JPG,1,5844,3450,1.0
75,P1180215.JPG,1,5920,3329,1.0
76,P1180216.JPG,1,5932,3166,1.0
77,P1180217.JPG,1,6020,2993,1.0
78,P1180218.JPG,1,5624,2897,1.0
79,P1180219.JPG,1,5313,2765,1.0
80,P1180220.JPG,1,5300,2354,1.0
81,P1180221.JPG,1,5044,2016,1.0
82,P1180222.JPG,1,5352,1119,1.0
83,P1180223.JPG,1,5171,1021,1.0
84,P1180224.JPG,1,6431,928,1.0
85,P1180225.JPG,1,4719,932,1.0
86,P1180305.JPG,1,4992,2489,1.0
87,P1180306.JPG,1,4411,2526,1.0
88,P1180307.JPG,1,4260,2087,1.0
89,P1180308.JPG,1,4235,1958,1.0
90,P1180309.JPG,1,6685,2816,1.0
91,P1180310.JPG,1,6025,2486,1.0
92,P1180311.JPG,1,6312,2390,1.0
93,P1180312.JPG,1,5034,1929,1.0
94,P1180313.JPG,1,5485,2023,1.0
95,P1180314.JPG,1,5658,2467,1.0
96,P1180315.JPG,1,6145,3005,1.0
97,P1180316.JPG,1,5908,3475,1.0
98,P1180317.JPG,1,5733,3402,1.0
99,P1180318.JPG,1,5782,3509,1.0
100,P1180319.JPG,1,5672,3435,1.0
101,P1180320.JPG,1,5190,2979,1.0
102,P1180321.JPG,1,5588,2903,1.0
103,P1180322.JPG,1,6179,2741,1.0
104,P1180323.JPG,1,6066,2672,1.0
105,P1180324.JPG,1,5605,2447,1.0
106,P1180325.JPG,1,5457,2104,1.0
107,P1180326.JPG,1,5655,1506,1.0
108,P1180327.JPG,1,6328,1144,1.0
109,P1180328.JPG,1,6430,1049,1.0
110,P1180329.JPG,1,6394,1308,0.9999999999999999
111,P1180330.JPG,1,4204,717,1.0
112,P1180331.JPG,1,5792,710,0.9999999999999998
113,P1180332.JPG,1,4999,681,1.0
114,P1180333.JPG,1,5470,547,1.0
115,P1180334.JPG,1,2651,192,1.0
116,P1180335.JPG,1,5666,255,1.0
117,P1180336.JPG,1,5482,587,1.0
118,P1180337.JPG,1,5711,695,1.0
119,P1180338.JPG,1,5521,814,1.0
120,P1180339.JPG,1,5630,1255,1.0
121,P1180340.JPG,1,5127,1424,1.0
122,P1180341.JPG,1,5529,1217,1.0
123,P1180342.JPG,1,5312,1078,1.0
124,P1180343.JPG,1,4745,1180,0.9999999999999999
125,P1180344.JPG,1,4773,869,0.9999999999999999
126,P1180345.JPG,1,4290,1551,1.0
127,P1180346.JPG,1,6524,2194,0.9999999999999999
128,P1180347.JPG,1,5139,2058,1.0
