image_id,name,width,height,sha256,sha256_matches_day3
1,P1180141.JPG,3072,2304,be3e0dff291078c936462a00c5fd9c28c96607654395fbd320769ae0b3732b3f,True
2,P1180142.JPG,3072,2304,ac400c467eb5240d4bceea84f7291fd1798079aca75cfd76eafcce5656fa6346,True
3,P1180143.JPG,3072,2304,92d887729eaf159bcc3900e454e089fdfd810b6ca527eefbd9af040decb776d4,True
4,P1180144.JPG,3072,2304,9b160183250da6bac0c025a3635508c544c9aaa85cecc56da20dbbeef0eb9f63,True
5,P1180145.JPG,3072,2304,8dbe80258e34e7d676cc25c4ae6f14374640456b5197d289663e075a80dd785b,True
6,P1180146.JPG,3072,2304,9589a333091bacc27f71499ef0efad3c3e2a8d5eb28067d19367f3c5e368ad3e,True
7,P1180147.JPG,3072,2304,afb5b97398083c17434264ecae7641fad27b0e2cb8f173d65b58112de81545bb,True
8,P1180148.JPG,3072,2304,f3912b040d30bbf1e70723c3644df8d712961d5fed9f2c6fa8e57c9bf5660cb6,True
9,P1180149.JPG,3072,2304,5714aad939d47ff64b3c9d017811ba4ea81a280880807b6c106301875fb35daf,True
10,P1180150.JPG,3072,2304,d8d996dfc0bbcfd602ae9cc948eaedbaf0f170698963dd23e0a374680eca1ff0,True
11,P1180151.JPG,3072,2304,6911d703ad3786b792053321c88d63974498eebad0a6a3ea828ba8f46c4d92fd,True
12,P1180152.JPG,3072,2304,dfafd450716c7bfc8076602c6c31338bf6327eb77348d217345a17694d7dfede,True
13,P1180153.JPG,3072,2304,5350d618b91c516423f975f32d74115396e5ef9422fcea928bb6cc6d22364b30,True
14,P1180154.JPG,3072,2304,70d06a0820eac49ee5b1976532aa4aa2d003554bece613ea7355ead5c88cfacc,True
15,P1180155.JPG,3072,2304,457166a16739cf2b15f1985344298684df475434a8653f61ccc4e0ec18f50b1e,True
16,P1180156.JPG,3072,2304,7eb19f9cfc3b1ca342f2f2c8999c89f5bee47c6542d5f8b0fb3e6b2fc5d668a5,True
17,P1180157.JPG,3072,2304,f14c1e1915b79312b2328475dc91ec39066f3c184ec85a6ae81e0c19a5ab481e,True
18,P1180158.JPG,3072,2304,d9159f4194ff75c6afe8d8b05fdefffa238f7657df1a70b63cf5aec4fc9572c9,True
19,P1180159.JPG,3072,2304,4eed5ee2459747f86d9a15a758355c6637d896e70e48ac6f9aa510b72a77fe70,True
20,P1180160.JPG,3072,2304,ea0bc7b0f4bbe41cd2237c0d7e7e647326ce1322dee0975ccb5f76dc074bef41,True
21,P1180161.JPG,3072,2304,3dec9fe3989fa390df542da2c3d912a3119c58cdb725e2ae04fe83bd9a6a82a1,True
22,P1180162.JPG,3072,2304,d9a6fe7d29ca97079bc54a582ab32f15cbfe59155c2363ae1fd2f4d5a57754dc,True
23,P1180163.JPG,3072,2304,f014473bd8133f940a338d1d1343c4866cbf0d1eb77c4315dd4fd6ca120131d4,True
24,P1180164.JPG,3072,2304,683dc191ea183686a4f3d4dd25a520ea70cb689cb7cf5671365652d0302e4268,True
25,P1180165.JPG,3072,2304,c71d6f0e688e0ab33640ed75fb42e182a8d1cb3aef548015aa03c754c6c2f89d,True
26,P1180166.JPG,3072,2304,5b9578c2d05d8b0c69176b6123b303618061a6377639675534e86912042caa07,True
27,P1180167.JPG,3072,2304,16362bf0c74f68bdf4c23a1f836062903786050fd3cc7d4ff7ae74c2f84fd2bb,True
28,P1180168.JPG,3072,2304,c9358614c07b9a7347ea9023182f300592831dbe540ace03b591be807bcdb09d,True
29,P1180169.JPG,3072,2304,b71ca072500090cbf70ac3ad9d5acb1a8393e25bb847f21f4daac81610313304,True
30,P1180170.JPG,3072,2304,80a9d4b872fadd3c7a4e58058f4cbdad524dd2f976079bdbb60391d56b33f4ce,True
31,P1180171.JPG,3072,2304,63ac6b44cb741417b47bcfe313cfc5cd79be6abb3294d7cc7760c30108790e02,True
32,P1180172.JPG,3072,2304,c1c6bbff2a9d1af9877ec30325fc904ea6f7289587bd2fcf55104c5995015af7,True
33,P1180173.JPG,3072,2304,e9820e3f515b879b0da96f4ac9a51efafb931b1fc910a60d6cfbeea4318def4c,True
34,P1180174.JPG,3072,2304,98387093d3aed4d08c2daad53e07348be54948b83eb546e85bcc8f7e7d322ab3,True
35,P1180175.JPG,3072,2304,57036c87e521e438d67637ad3672609c19d7eb0728f86971f841c3d63610c645,True
36,P1180176.JPG,3072,2304,35c1d12bd914ffd7e77569ca43aac86fb962a021ceaced2b505dd984257288ed,True
37,P1180177.JPG,3072,2304,1d717123c558f2146c4e3565c4d75919b5d7e2a7beee804aca6fd2fa1a46eb09,True
38,P1180178.JPG,3072,2304,47f70fba1dd392cdf327d759b9af578a3b44feed38596791bad07c0e16b90658,True
39,P1180179.JPG,3072,2304,4629b8ce89600a4ad43ab71c65c4322bb2d567c4568765acb5b32e385dc8db6b,True
40,P1180180.JPG,3072,2304,663945e161d33c1a8ab403c3961680699ad6c7f3642c5bac31d9b27c06332eef,True
41,P1180181.JPG,3072,2304,1a9842d79446fea52eac85efaa687f07ebacb45b9c27d40ddd38fe89f1829803,True
42,P1180182.JPG,3072,2304,a527c714b2c167d123cd20c57c9c1e18ddced64a9e7750e7789da5160e8b7383,True
43,P1180183.JPG,3072,2304,c7309b2ff6c5732f491861099c4f4435870a09857e29c92bcac561e7b6b69075,True
44,P1180184.JPG,3072,2304,cb51ecb934b8e6f4714ec16fa5b8478f58e25fe8bd1f7f742213e60b24a04759,True
45,P1180185.JPG,3072,2304,5ea3e6697fcbfabe7baf6bb033400be079dbb1fadbd07d41f1eeb44a6a642dc0,True
46,P1180186.JPG,3072,2304,3e80f787c8e4297676acac53e19a191e2a3eb889f9e23498053f37289db84065,True
47,P1180187.JPG,3072,2304,42c51bdb009812030274b61c32ac5e725d8409d11b456f2ff9964977a8666f93,True
48,P1180188.JPG,3072,2304,413b0fb136d25bcdf9fdf7d8d573462dd4efe96eebdd74dbb6dab18acfd0750f,True
49,P1180189.JPG,3072,2304,5333dab2ab0d0ccb09d2cd552f07bb227a39486973d3e2ef3198cf41170d35a3,True
50,P1180190.JPG,3072,2304,c99ae81a4bf844f893cc1ed5348124bc59b26085df4d0f54d8a10c9369f1ea72,True
51,P1180191.JPG,3072,2304,ffa4d1c77757dc306ae097876e8b0a866d554de63a16e1bfb6ed83ee39481914,True
52,P1180192.JPG,3072,2304,fa1e7c41fe2bce7acf840ca345e529f817d33d4e74c1471d7d97404a0a22768f,True
53,P1180193.JPG,3072,2304,fe72d6a5bb2da608ec0daedcdff7b652c5a34e2566fca14eecafccc66f92e881,True
54,P1180194.JPG,3072,2304,07d8be7d64dd6d327c65371d26f51ea7ea466c4fcca8260ca4dbd0cb19d28606,True
55,P1180195.JPG,3072,2304,2775b5fefd5a1e1e3f81b3a6db91772b8d8d102fba0194653a42eca6fae70fdc,True
56,P1180196.JPG,3072,2304,c2b229128fa3ab44f896acabcabe6c758ef5d2e0711db04ee175335ad77a12f0,True
57,P1180197.JPG,3072,2304,9419d6f0c9ab36a7fd8d6dd317e7300ef92454218bbd29728b3987bb611eb90f,True
58,P1180198.JPG,3072,2304,66108a6da6238272f68c378c32b8232fee2afb904470bd709e889f7b6cdf1979,True
59,P1180199.JPG,3072,2304,9676efafc8f2e70b232e351e89c1303697e24cb35a551b39706d3562f6a75f07,True
60,P1180200.JPG,3072,2304,52d2e4a9af9fdaa893eaa231245420fff4bcb7aa6d877a8492bef5debc814fca,True
61,P1180201.JPG,3072,2304,e7046f94d4c03834b0f1510c90657b32c6ceab231c7626e5f00908ee7aa480c5,True
62,P1180202.JPG,3072,2304,8ba888866808e55b09b1afc50d48f88b35900b67a2dd5906154f911898a0d096,True
63,P1180203.JPG,3072,2304,287b62c9d3aa0a4760cf367e0516b39b40484b3b3e806eef889e128e0bb2640c,True
64,P1180204.JPG,3072,2304,a358b45fae17057377e1487859cecf9cf4bcdb75d7e498eaedfed54d0f9474ec,True
65,P1180205.JPG,3072,2304,70e1bb2998747f7578eb8a9d1e4f3a555b94591de4950a59747638c75758117f,True
66,P1180206.JPG,3072,2304,736a68a111bb3f0a7b2558ffdfc8a5d9e46598a47ec0976d838721388f5d0b3e,True
67,P1180207.JPG,3072,2304,26cd01d03a19af4f6c5783b544d66a84805417bbdd7d803b0ce927efbf7cb0b5,True
68,P1180208.JPG,3072,2304,0e932885a7a6a8f51ffaea5f637d8262d06f529a0b02a854d88144efff1062d0,True
69,P1180209.JPG,3072,2304,55ba1886f7824e8132c078648dc3c72979a3fa4f7a43fc8b4141a207be7c5576,True
70,P1180210.JPG,3072,2304,69ffef30d6b1d9499870622241b023e101bd9a3512cee87d00154b8a5a5691be,True
71,P1180211.JPG,3072,2304,7841c09816d5bb825c03364ab793731074c2e05f0bc0c61489bb5825d1d8e6d4,True
72,P1180212.JPG,3072,2304,ba4130db63c9324c1c139bf2210057954bf2ca1d1a1c028e900825b1ff2345c1,True
73,P1180213.JPG,3072,2304,ce947d65d0bcf174e520d6fa15166a97b2ec957dbea12a6c10ea59f8e354760d,True
74,P1180214.JPG,3072,2304,6c221753c1c41c0d7431ca01895e5a3f03bd96da52496463c03fa175d3b95d39,True
75,P1180215.JPG,3072,2304,0506bc2f72e8e2671e0f53e9f940abf362eac3e9efe9c4933a84f86ac60f55aa,True
76,P1180216.JPG,3072,2304,c827e757583f7a3e80831a9ed8d09a284bfb82a6aaeabeb01127fd4d1c3d2fca,True
77,P1180217.JPG,3072,2304,5de2764b90445ff91c66a7b4c2b0c29060ac41a27ef61504fc9b1a860df9cc05,True
78,P1180218.JPG,3072,2304,130ce6f714c99bfc92e025b960fcbc06c1ad58244eda4c8137ece973f88c40ff,True
79,P1180219.JPG,3072,2304,74b0c132aafa8d3d60b84a54566f6ef0551b127eb24ffcd08cee4118fc0ffd4f,True
80,P1180220.JPG,3072,2304,d4fb5e0b35e6d0d7f4b42bd460ff80207d7912c904136828f79be9c7281f2e93,True
81,P1180221.JPG,3072,2304,0b6988b2a83906e9f5f1b78a293fad7be33a5535b3df05ea2c2c48ba1884b009,True
82,P1180222.JPG,3072,2304,17d08f6208c74a649a85b2957538bd549a76d5571d5b9c028549746b83140809,True
83,P1180223.JPG,3072,2304,8e8f77f49ed8ccfe80728d86375540b6c97ac9551501e0a034bf256c49b7c7a4,True
84,P1180224.JPG,3072,2304,1f52f0b22342a4aeed1b045278fc5a68fcc09320a3b15891014bd71057c96095,True
85,P1180225.JPG,3072,2304,228dff3af471d6f5cf521ed51782cc3289cc0b727153c04c40d65d9327768870,True
86,P1180305.JPG,3072,2304,5237c98868377b60c4c1d068901ceebde33f037e8cf0982e3a2bfb8abaf6ab91,True
87,P1180306.JPG,3072,2304,f53341c3d18a033f71b3c7667364971aa7afa43e1d40ac1b09baaca42b1bcec4,True
88,P1180307.JPG,3072,2304,5fa84be455f9618011c42bf9caadbddd92af53eb0860f4146fb5fa67718c02c6,True
89,P1180308.JPG,3072,2304,76f6cdf4a5774290a45e770e8e8056559c1f908bffaf923f39b4814d7a733210,True
90,P1180309.JPG,3072,2304,217436b2ea43028ff94d9f5c45c35972ff1477f804be5a8e73c031e7bcb3cdae,True
91,P1180310.JPG,3072,2304,8cb7fa4ad30577bd1f75b2bc565042798d133c779b1d626db75df0587c5860e3,True
92,P1180311.JPG,3072,2304,482f48edeb97bdac131b8bad204374cad50d0512ef50717298f61f5a6520c658,True
93,P1180312.JPG,3072,2304,b45026761f1efbba3ccd5e533e2b77a55b417d7389f1b017cf1ba6af8b871ba8,True
94,P1180313.JPG,3072,2304,14b635132e495c5076b5e7c996ab513a9c1d801d3da0a50c319cb50ec47c1413,True
95,P1180314.JPG,3072,2304,6f17b7a4550afa5edb965ae330e74e8ca9a1163f5c9ccaca6a5bdd2d0971b710,True
96,P1180315.JPG,3072,2304,44dd3403a0fd52357d631362abecdd61eeb356bff4c821da5d662355670ef1ce,True
97,P1180316.JPG,3072,2304,faa64c8d4bb20cc4f0bfa04195262f1902047749a31817bf25c8360eb79b4186,True
98,P1180317.JPG,3072,2304,4647891454bdaa4752c4600cf3dd3263f8e3ec80320aee5dab4b868542172c09,True
99,P1180318.JPG,3072,2304,c7271be1359011a4cb6676e66f1848d4a6872f5573c755c44e1dcdb36944128f,True
100,P1180319.JPG,3072,2304,5f29ad4053f26a003db072be6fe498e27e4e7ac3255ca8e943734aedf83a1f0a,True
101,P1180320.JPG,3072,2304,05cd9211a9e757ba1daa2a0da9e1e84626620edf8caa213a036adf3ffcbe26ee,True
102,P1180321.JPG,3072,2304,7cd72adaedc728b99776d5f7ea663df9c9dec52a992ce968bca6dd12f230c74f,True
103,P1180322.JPG,3072,2304,172c8d158e3da6868086a8a1cf13390140932db18dfdac3eb8a31e093369ab33,True
104,P1180323.JPG,3072,2304,c4e37d968e283807c90bb273bd5277263b0715133be61682252ef642f97ceba7,True
105,P1180324.JPG,3072,2304,b20f6711c72aa2a439735d8edb233b23b7fd2b0d3929d2684c99611d1beb9a4e,True
106,P1180325.JPG,3072,2304,bce93e777319f26ec0103fcb08813e966ae0b0a39c041e610c4fba2b8ef4d850,True
107,P1180326.JPG,3072,2304,972707e22d6176fc28f032dab8626117e9b2640f840bc53da9c6865ad4a29657,True
108,P1180327.JPG,3072,2304,dab8beab1ad0f9c6a77fbd865985efc79aa7436c3e5232af14080d575d517d83,True
109,P1180328.JPG,3072,2304,608a116c563d809b9d7bec0d6045ee6d705379ddfc8f93769884c995d0ecff5a,True
110,P1180329.JPG,3072,2304,4a7df83e73a5e0966207a180364e79629a1009bbd127cc8dced83cef1dd206df,True
111,P1180330.JPG,3072,2304,d3b257f718c6df6dd17838c3a52db68d90dca1bc84e6dbe7b599fc47b6726778,True
112,P1180331.JPG,3072,2304,34b518122f64c5c309aac6064298d729f7ddba28ee084484d34531495ef9e522,True
113,P1180332.JPG,3072,2304,07b43ddf3b8334333147980f91fbb4647a55037b48120eb4a3d32980a8e2fd7f,True
114,P1180333.JPG,3072,2304,9f7ba97a4da5418f06bc177fc90b029c64537339b9fb8256ceba99991121ce18,True
115,P1180334.JPG,3072,2304,f73950690085044e75c8107ec743a52c081086913d09e306526c72cfac8c7810,True
116,P1180335.JPG,3072,2304,09eb804e250bf1a979ff7323027500cea4ac8623a0bb6fba358fa982502bc90e,True
117,P1180336.JPG,3072,2304,040540dd6df1c601cddf5ab47c676c85512a886f3c77d86d3e87236561730612,True
118,P1180337.JPG,3072,2304,70df5d73ed0d8824ae6c57569039aeaccb75dc6e54f45a076d93f8cc92065e8f,True
119,P1180338.JPG,3072,2304,54d254edfd20fb3b5a5421b6f113c0fe7ccab31d622d83952eaa101629a4e025,True
120,P1180339.JPG,3072,2304,97fc341d09a7fd5ec799f4b6213ba348d06036f0df6e0cb4706f1ab3da6b7547,True
121,P1180340.JPG,3072,2304,00660744f19e5446bdae0069d41752dcae24b5f6f1501001ead9899f788012af,True
122,P1180341.JPG,3072,2304,d6553b85696cc1b8d1ae50bebea1525746aca352935f64345c47f4d4dd332ed6,True
123,P1180342.JPG,3072,2304,267fed3dd01af03611f36c31aa13013a7eed8d2aa3f92be534f0c1092de880da,True
124,P1180343.JPG,3072,2304,1a5472b9df30c28e0a4b153cca84467b05a21f215be4a4d1fb4f6fe549051217,True
125,P1180344.JPG,3072,2304,ddf6cfef793485d4eca754e6a3056486734f65fecf4742ef6f0ca48be5354815,True
126,P1180345.JPG,3072,2304,55d162185347b6c30ca62198c2716e50448755e1799afed57bfcc0aa5a586034,True
127,P1180346.JPG,3072,2304,e691e272aeaac39279d6dceb3b99527ab628fc894322424d7c3d21647efc491b,True
128,P1180347.JPG,3072,2304,06c05d5285875e3107bcd2636ccb08fa58b1fef489c815a3f015f7fd762ee84f,True
